hhld_id,Street,Accesspt_perstreet_hhld,Main municipality,Energy,Sectors,Approximate consumption (kWh),direction,Consumption year,Regio,Number of Access Points,access_pts_factor,accesspt_location,longitude,latitude
hhld1,BREENDONKSTRAAT,1,GENT,Electricity,"Brughuizeken,Malem",2157.4874,Decrease,2019,Regio 1,25,2,"[3.6954106972701894, 51.054421178025436]",3.6954106972701894,51.054421178025436
hhld2,BREENDONKSTRAAT,2,GENT,Electricity,"Brughuizeken,Malem",2157.4874,Decrease,2019,Regio 1,25,2,"[3.695490487359667, 51.054370071071446]",3.695490487359667,51.054370071071446
hhld3,BREENDONKSTRAAT,3,GENT,Electricity,"Brughuizeken,Malem",2157.4874,Decrease,2019,Regio 1,25,2,"[3.695570277449144, 51.05431896411745]",3.695570277449144,51.05431896411745
hhld4,BREENDONKSTRAAT,4,GENT,Electricity,"Brughuizeken,Malem",2157.4874,Decrease,2019,Regio 1,25,2,"[3.6956500675386215, 51.05426785716346]",3.6956500675386215,51.05426785716346
hhld5,BREENDONKSTRAAT,5,GENT,Electricity,"Brughuizeken,Malem",2157.4874,Decrease,2019,Regio 1,25,2,"[3.695729813488816, 51.054216681486636]",3.695729813488816,51.054216681486636
hhld6,BREENDONKSTRAAT,6,GENT,Electricity,"Brughuizeken,Malem",2157.4874,Decrease,2019,Regio 1,25,2,"[3.695809475713633, 51.054165375453245]",3.695809475713633,51.054165375453245
hhld7,BREENDONKSTRAAT,7,GENT,Electricity,"Brughuizeken,Malem",2157.4874,Decrease,2019,Regio 1,25,2,"[3.69588913793845, 51.05411406941985]",3.69588913793845,51.05411406941985
hhld8,BREENDONKSTRAAT,8,GENT,Electricity,"Brughuizeken,Malem",2157.4874,Decrease,2019,Regio 1,25,2,"[3.6959690587389455, 51.0540631682266]",3.6959690587389455,51.0540631682266
hhld9,BREENDONKSTRAAT,9,GENT,Electricity,"Brughuizeken,Malem",2157.4874,Decrease,2019,Regio 1,25,2,"[3.69604910649596, 51.05401246580336]",3.69604910649596,51.05401246580336
hhld10,BREENDONKSTRAAT,10,GENT,Electricity,"Brughuizeken,Malem",2157.4874,Decrease,2019,Regio 1,25,2,"[3.6961291542529744, 51.05396176338012]",3.6961291542529744,51.05396176338012
hhld11,BREENDONKSTRAAT,11,GENT,Electricity,"Brughuizeken,Malem",2157.4874,Decrease,2019,Regio 1,25,2,"[3.696209202390045, 51.05391106155692]",3.696209202390045,51.05391106155692
hhld12,BREENDONKSTRAAT,12,GENT,Electricity,"Brughuizeken,Malem",2157.4874,Decrease,2019,Regio 1,25,2,"[3.6962892505699214, 51.05386035980129]",3.6962892505699214,51.05386035980129
hhld13,BREENDONKSTRAAT,13,GENT,Electricity,"Brughuizeken,Malem",2157.4874,Decrease,2019,Regio 1,25,2,"[3.696369212804442, 51.05380952326692]",3.696369212804442,51.05380952326692
hhld14,BREENDONKSTRAAT,14,GENT,Electricity,"Brughuizeken,Malem",2157.4874,Decrease,2019,Regio 1,25,2,"[3.696448949854531, 51.05375833360031]",3.696448949854531,51.05375833360031
hhld15,BREENDONKSTRAAT,15,GENT,Electricity,"Brughuizeken,Malem",2157.4874,Decrease,2019,Regio 1,25,2,"[3.696528686904621, 51.05370714393369]",3.696528686904621,51.05370714393369
hhld16,BREENDONKSTRAAT,16,GENT,Electricity,"Brughuizeken,Malem",2157.4874,Decrease,2019,Regio 1,25,2,"[3.6966084240573425, 51.053655954426944]",3.6966084240573425,51.053655954426944
hhld17,BREENDONKSTRAAT,17,GENT,Electricity,"Brughuizeken,Malem",2157.4874,Decrease,2019,Regio 1,25,2,"[3.69668816133032, 51.05360476510752]",3.69668816133032,51.05360476510752
hhld18,BREENDONKSTRAAT,18,GENT,Electricity,"Brughuizeken,Malem",2157.4874,Decrease,2019,Regio 1,25,2,"[3.696768116641773, 51.05355391927564]",3.696768116641773,51.05355391927564
hhld19,BREENDONKSTRAAT,19,GENT,Electricity,"Brughuizeken,Malem",2157.4874,Decrease,2019,Regio 1,25,2,"[3.6968483731790367, 51.053503547980725]",3.6968483731790367,51.053503547980725
hhld20,BREENDONKSTRAAT,20,GENT,Electricity,"Brughuizeken,Malem",2157.4874,Decrease,2019,Regio 1,25,2,"[3.6969286297163, 51.053453176685814]",3.6969286297163,51.053453176685814
hhld21,BREENDONKSTRAAT,21,GENT,Electricity,"Brughuizeken,Malem",2157.4874,Decrease,2019,Regio 1,25,2,"[3.697008886398047, 51.053402805621104]",3.697008886398047,51.053402805621104
hhld22,BREENDONKSTRAAT,22,GENT,Electricity,"Brughuizeken,Malem",2157.4874,Decrease,2019,Regio 1,25,2,"[3.697089143107133, 51.05335243459995]",3.697089143107133,51.05335243459995
hhld23,BREENDONKSTRAAT,23,GENT,Electricity,"Brughuizeken,Malem",2157.4874,Decrease,2019,Regio 1,25,2,"[3.697169399816219, 51.053302063578805]",3.697169399816219,51.053302063578805
hhld24,BREENDONKSTRAAT,24,GENT,Electricity,"Brughuizeken,Malem",2157.4874,Decrease,2019,Regio 1,25,2,"[3.697249656525305, 51.05325169255765]",3.697249656525305,51.05325169255765
hhld25,BREENDONKSTRAAT,25,GENT,Electricity,"Brughuizeken,Malem",2157.4874,Decrease,2019,Regio 1,25,2,"[3.697249656525305, 51.05325169255765]",3.697249656525305,51.05325169255765
hhld26,HELDENPLEIN,1,GENT,Electricity,Malem,2081.0305797101446,Decrease,2019,Regio 1,69,1,"[3.694560476866243, 51.052570545820636]",3.694560476866243,51.052570545820636
hhld27,HELDENPLEIN,2,GENT,Electricity,Malem,2081.0305797101446,Decrease,2019,Regio 1,69,1,"[3.694562821376661, 51.052570863274504]",3.694562821376661,51.052570863274504
hhld28,HELDENPLEIN,3,GENT,Electricity,Malem,2081.0305797101446,Decrease,2019,Regio 1,69,1,"[3.6945651658870786, 51.052571180728364]",3.6945651658870786,51.052571180728364
hhld29,HELDENPLEIN,4,GENT,Electricity,Malem,2081.0305797101446,Decrease,2019,Regio 1,69,1,"[3.6945675103974964, 51.05257149818223]",3.6945675103974964,51.05257149818223
hhld30,HELDENPLEIN,5,GENT,Electricity,Malem,2081.0305797101446,Decrease,2019,Regio 1,69,1,"[3.6945698549079142, 51.05257181563609]",3.6945698549079142,51.05257181563609
hhld31,HELDENPLEIN,6,GENT,Electricity,Malem,2081.0305797101446,Decrease,2019,Regio 1,69,1,"[3.694572199418332, 51.05257213308996]",3.694572199418332,51.05257213308996
hhld32,HELDENPLEIN,7,GENT,Electricity,Malem,2081.0305797101446,Decrease,2019,Regio 1,69,1,"[3.6945745439287494, 51.05257245054382]",3.6945745439287494,51.05257245054382
hhld33,HELDENPLEIN,8,GENT,Electricity,Malem,2081.0305797101446,Decrease,2019,Regio 1,69,1,"[3.694576888439167, 51.05257276799769]",3.694576888439167,51.05257276799769
hhld34,HELDENPLEIN,9,GENT,Electricity,Malem,2081.0305797101446,Decrease,2019,Regio 1,69,1,"[3.694579232949585, 51.05257308545155]",3.694579232949585,51.05257308545155
hhld35,HELDENPLEIN,10,GENT,Electricity,Malem,2081.0305797101446,Decrease,2019,Regio 1,69,1,"[3.694581577460003, 51.052573402905416]",3.694581577460003,51.052573402905416
hhld36,HELDENPLEIN,11,GENT,Electricity,Malem,2081.0305797101446,Decrease,2019,Regio 1,69,1,"[3.6945839219704206, 51.05257372035928]",3.6945839219704206,51.05257372035928
hhld37,HELDENPLEIN,12,GENT,Electricity,Malem,2081.0305797101446,Decrease,2019,Regio 1,69,1,"[3.6945862664808384, 51.052574037813145]",3.6945862664808384,51.052574037813145
hhld38,HELDENPLEIN,13,GENT,Electricity,Malem,2081.0305797101446,Decrease,2019,Regio 1,69,1,"[3.6945886109912562, 51.052574355267005]",3.6945886109912562,51.052574355267005
hhld39,HELDENPLEIN,14,GENT,Electricity,Malem,2081.0305797101446,Decrease,2019,Regio 1,69,1,"[3.694590955501674, 51.05257467272087]",3.694590955501674,51.05257467272087
hhld40,HELDENPLEIN,15,GENT,Electricity,Malem,2081.0305797101446,Decrease,2019,Regio 1,69,1,"[3.694593300012092, 51.05257499017473]",3.694593300012092,51.05257499017473
hhld41,HELDENPLEIN,16,GENT,Electricity,Malem,2081.0305797101446,Decrease,2019,Regio 1,69,1,"[3.6945956445225097, 51.0525753076286]",3.6945956445225097,51.0525753076286
hhld42,HELDENPLEIN,17,GENT,Electricity,Malem,2081.0305797101446,Decrease,2019,Regio 1,69,1,"[3.6945979890329275, 51.05257562508246]",3.6945979890329275,51.05257562508246
hhld43,HELDENPLEIN,18,GENT,Electricity,Malem,2081.0305797101446,Decrease,2019,Regio 1,69,1,"[3.6946003335433453, 51.05257594253632]",3.6946003335433453,51.05257594253632
hhld44,HELDENPLEIN,19,GENT,Electricity,Malem,2081.0305797101446,Decrease,2019,Regio 1,69,1,"[3.694602678053763, 51.05257625999019]",3.694602678053763,51.05257625999019
hhld45,HELDENPLEIN,20,GENT,Electricity,Malem,2081.0305797101446,Decrease,2019,Regio 1,69,1,"[3.694605022564181, 51.05257657744405]",3.694605022564181,51.05257657744405
hhld46,HELDENPLEIN,21,GENT,Electricity,Malem,2081.0305797101446,Decrease,2019,Regio 1,69,1,"[3.6946073670745982, 51.05257689489792]",3.6946073670745982,51.05257689489792
hhld47,HELDENPLEIN,22,GENT,Electricity,Malem,2081.0305797101446,Decrease,2019,Regio 1,69,1,"[3.694609711585016, 51.05257721235178]",3.694609711585016,51.05257721235178
hhld48,HELDENPLEIN,23,GENT,Electricity,Malem,2081.0305797101446,Decrease,2019,Regio 1,69,1,"[3.694612056095434, 51.052577529805646]",3.694612056095434,51.052577529805646
hhld49,HELDENPLEIN,24,GENT,Electricity,Malem,2081.0305797101446,Decrease,2019,Regio 1,69,1,"[3.6946144006058517, 51.052577847259506]",3.6946144006058517,51.052577847259506
hhld50,HELDENPLEIN,25,GENT,Electricity,Malem,2081.0305797101446,Decrease,2019,Regio 1,69,1,"[3.6946167451162695, 51.052578164713374]",3.6946167451162695,51.052578164713374
hhld51,HELDENPLEIN,26,GENT,Electricity,Malem,2081.0305797101446,Decrease,2019,Regio 1,69,1,"[3.6946190896266873, 51.052578482167235]",3.6946190896266873,51.052578482167235
hhld52,HELDENPLEIN,27,GENT,Electricity,Malem,2081.0305797101446,Decrease,2019,Regio 1,69,1,"[3.694621434137105, 51.0525787996211]",3.694621434137105,51.0525787996211
hhld53,HELDENPLEIN,28,GENT,Electricity,Malem,2081.0305797101446,Decrease,2019,Regio 1,69,1,"[3.694623778647523, 51.05257911707496]",3.694623778647523,51.05257911707496
hhld54,HELDENPLEIN,29,GENT,Electricity,Malem,2081.0305797101446,Decrease,2019,Regio 1,69,1,"[3.6946261231579407, 51.05257943452883]",3.6946261231579407,51.05257943452883
hhld55,HELDENPLEIN,30,GENT,Electricity,Malem,2081.0305797101446,Decrease,2019,Regio 1,69,1,"[3.6946284676683585, 51.05257975198269]",3.6946284676683585,51.05257975198269
hhld56,HELDENPLEIN,31,GENT,Electricity,Malem,2081.0305797101446,Decrease,2019,Regio 1,69,1,"[3.6946308121787763, 51.05258006943656]",3.6946308121787763,51.05258006943656
hhld57,HELDENPLEIN,32,GENT,Electricity,Malem,2081.0305797101446,Decrease,2019,Regio 1,69,1,"[3.694633156689194, 51.05258038689042]",3.694633156689194,51.05258038689042
hhld58,HELDENPLEIN,33,GENT,Electricity,Malem,2081.0305797101446,Decrease,2019,Regio 1,69,1,"[3.694635501199612, 51.05258070434429]",3.694635501199612,51.05258070434429
hhld59,HELDENPLEIN,34,GENT,Electricity,Malem,2081.0305797101446,Decrease,2019,Regio 1,69,1,"[3.6946378457100293, 51.05258102179815]",3.6946378457100293,51.05258102179815
hhld60,HELDENPLEIN,35,GENT,Electricity,Malem,2081.0305797101446,Decrease,2019,Regio 1,69,1,"[3.694640190220447, 51.05258133925201]",3.694640190220447,51.05258133925201
hhld61,HELDENPLEIN,36,GENT,Electricity,Malem,2081.0305797101446,Decrease,2019,Regio 1,69,1,"[3.694642534730865, 51.052581656705875]",3.694642534730865,51.052581656705875
hhld62,HELDENPLEIN,37,GENT,Electricity,Malem,2081.0305797101446,Decrease,2019,Regio 1,69,1,"[3.6946448792412827, 51.052581974159736]",3.6946448792412827,51.052581974159736
hhld63,HELDENPLEIN,38,GENT,Electricity,Malem,2081.0305797101446,Decrease,2019,Regio 1,69,1,"[3.6946472237517005, 51.052582291613604]",3.6946472237517005,51.052582291613604
hhld64,HELDENPLEIN,39,GENT,Electricity,Malem,2081.0305797101446,Decrease,2019,Regio 1,69,1,"[3.6946495682621183, 51.052582609067464]",3.6946495682621183,51.052582609067464
hhld65,HELDENPLEIN,40,GENT,Electricity,Malem,2081.0305797101446,Decrease,2019,Regio 1,69,1,"[3.694651912772536, 51.05258292652133]",3.694651912772536,51.05258292652133
hhld66,HELDENPLEIN,41,GENT,Electricity,Malem,2081.0305797101446,Decrease,2019,Regio 1,69,1,"[3.694654257282954, 51.05258324397519]",3.694654257282954,51.05258324397519
hhld67,HELDENPLEIN,42,GENT,Electricity,Malem,2081.0305797101446,Decrease,2019,Regio 1,69,1,"[3.6946566017933717, 51.05258356142906]",3.6946566017933717,51.05258356142906
hhld68,HELDENPLEIN,43,GENT,Electricity,Malem,2081.0305797101446,Decrease,2019,Regio 1,69,1,"[3.6946589463037895, 51.05258387888292]",3.6946589463037895,51.05258387888292
hhld69,HELDENPLEIN,44,GENT,Electricity,Malem,2081.0305797101446,Decrease,2019,Regio 1,69,1,"[3.6946612908142074, 51.05258419633679]",3.6946612908142074,51.05258419633679
hhld70,HELDENPLEIN,45,GENT,Electricity,Malem,2081.0305797101446,Decrease,2019,Regio 1,69,1,"[3.694663635324625, 51.05258451379065]",3.694663635324625,51.05258451379065
hhld71,HELDENPLEIN,46,GENT,Electricity,Malem,2081.0305797101446,Decrease,2019,Regio 1,69,1,"[3.694665979835043, 51.052584831244516]",3.694665979835043,51.052584831244516
hhld72,HELDENPLEIN,47,GENT,Electricity,Malem,2081.0305797101446,Decrease,2019,Regio 1,69,1,"[3.6946683243454608, 51.05258514869838]",3.6946683243454608,51.05258514869838
hhld73,HELDENPLEIN,48,GENT,Electricity,Malem,2081.0305797101446,Decrease,2019,Regio 1,69,1,"[3.694670668855878, 51.052585466152244]",3.694670668855878,51.052585466152244
hhld74,HELDENPLEIN,49,GENT,Electricity,Malem,2081.0305797101446,Decrease,2019,Regio 1,69,1,"[3.694673013366296, 51.052585783606105]",3.694673013366296,51.052585783606105
hhld75,HELDENPLEIN,50,GENT,Electricity,Malem,2081.0305797101446,Decrease,2019,Regio 1,69,1,"[3.6946753578767138, 51.05258610105997]",3.6946753578767138,51.05258610105997
hhld76,HELDENPLEIN,51,GENT,Electricity,Malem,2081.0305797101446,Decrease,2019,Regio 1,69,1,"[3.6946777023871316, 51.05258641851383]",3.6946777023871316,51.05258641851383
hhld77,HELDENPLEIN,52,GENT,Electricity,Malem,2081.0305797101446,Decrease,2019,Regio 1,69,1,"[3.6946800468975494, 51.052586735967694]",3.6946800468975494,51.052586735967694
hhld78,HELDENPLEIN,53,GENT,Electricity,Malem,2081.0305797101446,Decrease,2019,Regio 1,69,1,"[3.694682391407967, 51.05258705342156]",3.694682391407967,51.05258705342156
hhld79,HELDENPLEIN,54,GENT,Electricity,Malem,2081.0305797101446,Decrease,2019,Regio 1,69,1,"[3.694684735918385, 51.05258737087542]",3.694684735918385,51.05258737087542
hhld80,HELDENPLEIN,55,GENT,Electricity,Malem,2081.0305797101446,Decrease,2019,Regio 1,69,1,"[3.694687080428803, 51.05258768832929]",3.694687080428803,51.05258768832929
hhld81,HELDENPLEIN,56,GENT,Electricity,Malem,2081.0305797101446,Decrease,2019,Regio 1,69,1,"[3.6946894249392206, 51.05258800578315]",3.6946894249392206,51.05258800578315
hhld82,HELDENPLEIN,57,GENT,Electricity,Malem,2081.0305797101446,Decrease,2019,Regio 1,69,1,"[3.6946917694496384, 51.05258832323702]",3.6946917694496384,51.05258832323702
hhld83,HELDENPLEIN,58,GENT,Electricity,Malem,2081.0305797101446,Decrease,2019,Regio 1,69,1,"[3.694694113960056, 51.05258864069088]",3.694694113960056,51.05258864069088
hhld84,HELDENPLEIN,59,GENT,Electricity,Malem,2081.0305797101446,Decrease,2019,Regio 1,69,1,"[3.694696458470474, 51.052588958144746]",3.694696458470474,51.052588958144746
hhld85,HELDENPLEIN,60,GENT,Electricity,Malem,2081.0305797101446,Decrease,2019,Regio 1,69,1,"[3.694698802980892, 51.052589275598606]",3.694698802980892,51.052589275598606
hhld86,HELDENPLEIN,61,GENT,Electricity,Malem,2081.0305797101446,Decrease,2019,Regio 1,69,1,"[3.6947011474913096, 51.052589593052474]",3.6947011474913096,51.052589593052474
hhld87,HELDENPLEIN,62,GENT,Electricity,Malem,2081.0305797101446,Decrease,2019,Regio 1,69,1,"[3.694703492001727, 51.052589910506335]",3.694703492001727,51.052589910506335
hhld88,HELDENPLEIN,63,GENT,Electricity,Malem,2081.0305797101446,Decrease,2019,Regio 1,69,1,"[3.694705836512145, 51.0525902279602]",3.694705836512145,51.0525902279602
hhld89,HELDENPLEIN,64,GENT,Electricity,Malem,2081.0305797101446,Decrease,2019,Regio 1,69,1,"[3.6947081810225626, 51.05259054541406]",3.6947081810225626,51.05259054541406
hhld90,HELDENPLEIN,65,GENT,Electricity,Malem,2081.0305797101446,Decrease,2019,Regio 1,69,1,"[3.6947105255329804, 51.05259086286793]",3.6947105255329804,51.05259086286793
hhld91,HELDENPLEIN,66,GENT,Electricity,Malem,2081.0305797101446,Decrease,2019,Regio 1,69,1,"[3.694712870043398, 51.05259118032179]",3.694712870043398,51.05259118032179
hhld92,HELDENPLEIN,67,GENT,Electricity,Malem,2081.0305797101446,Decrease,2019,Regio 1,69,1,"[3.694715214553816, 51.05259149777566]",3.694715214553816,51.05259149777566
hhld93,HELDENPLEIN,68,GENT,Electricity,Malem,2081.0305797101446,Decrease,2019,Regio 1,69,1,"[3.694717559064234, 51.05259181522952]",3.694717559064234,51.05259181522952
hhld94,HELDENPLEIN,69,GENT,Electricity,Malem,2081.0305797101446,Decrease,2019,Regio 1,69,1,"[3.694717559064234, 51.05259181522952]",3.694717559064234,51.05259181522952
hhld95,LUIKLAAN,1,GENT,Electricity,Malem,1946.5308333333335,Decrease,2019,Regio 1,60,1,"[3.694780695763148, 51.05062382425603]",3.694780695763148,51.05062382425603
hhld96,LUIKLAAN,2,GENT,Electricity,Malem,1946.5308333333335,Decrease,2019,Regio 1,60,1,"[3.6947426273637993, 51.050634701723006]",3.6947426273637993,51.050634701723006
hhld97,LUIKLAAN,3,GENT,Electricity,Malem,1946.5308333333335,Decrease,2019,Regio 1,60,1,"[3.6947047432913207, 51.05064620254614]",3.6947047432913207,51.05064620254614
hhld98,LUIKLAAN,4,GENT,Electricity,Malem,1946.5308333333335,Decrease,2019,Regio 1,60,1,"[3.694666881220562, 51.05065777777463]",3.694666881220562,51.05065777777463
hhld99,LUIKLAAN,5,GENT,Electricity,Malem,1946.5308333333335,Decrease,2019,Regio 1,60,1,"[3.6946290191498035, 51.05066935300313]",3.6946290191498035,51.05066935300313
hhld100,LUIKLAAN,6,GENT,Electricity,Malem,1946.5308333333335,Decrease,2019,Regio 1,60,1,"[3.6945911570790453, 51.05068092823162]",3.6945911570790453,51.05068092823162
hhld101,LUIKLAAN,7,GENT,Electricity,Malem,1946.5308333333335,Decrease,2019,Regio 1,60,1,"[3.6945532950082867, 51.05069250346012]",3.6945532950082867,51.05069250346012
hhld102,LUIKLAAN,8,GENT,Electricity,Malem,1946.5308333333335,Decrease,2019,Regio 1,60,1,"[3.6945169801985633, 51.05070811329994]",3.6945169801985633,51.05070811329994
hhld103,LUIKLAAN,9,GENT,Electricity,Malem,1946.5308333333335,Decrease,2019,Regio 1,60,1,"[3.6944810871553164, 51.050724822930796]",3.6944810871553164,51.050724822930796
hhld104,LUIKLAAN,10,GENT,Electricity,Malem,1946.5308333333335,Decrease,2019,Regio 1,60,1,"[3.6944451941120695, 51.05074153256165]",3.6944451941120695,51.05074153256165
hhld105,LUIKLAAN,11,GENT,Electricity,Malem,1946.5308333333335,Decrease,2019,Regio 1,60,1,"[3.6944096404347215, 51.05075878454162]",3.6944096404347215,51.05075878454162
hhld106,LUIKLAAN,12,GENT,Electricity,Malem,1946.5308333333335,Decrease,2019,Regio 1,60,1,"[3.6943789184418128, 51.05078375815707]",3.6943789184418128,51.05078375815707
hhld107,LUIKLAAN,13,GENT,Electricity,Malem,1946.5308333333335,Decrease,2019,Regio 1,60,1,"[3.6943481964489036, 51.05080873177251]",3.6943481964489036,51.05080873177251
hhld108,LUIKLAAN,14,GENT,Electricity,Malem,1946.5308333333335,Decrease,2019,Regio 1,60,1,"[3.694317474455995, 51.05083370538796]",3.694317474455995,51.05083370538796
hhld109,LUIKLAAN,15,GENT,Electricity,Malem,1946.5308333333335,Decrease,2019,Regio 1,60,1,"[3.694286752463086, 51.05085867900341]",3.694286752463086,51.05085867900341
hhld110,LUIKLAAN,16,GENT,Electricity,Malem,1946.5308333333335,Decrease,2019,Regio 1,60,1,"[3.694256030470177, 51.05088365261886]",3.694256030470177,51.05088365261886
hhld111,LUIKLAAN,17,GENT,Electricity,Malem,1946.5308333333335,Decrease,2019,Regio 1,60,1,"[3.694225308477268, 51.0509086262343]",3.694225308477268,51.0509086262343
hhld112,LUIKLAAN,18,GENT,Electricity,Malem,1946.5308333333335,Decrease,2019,Regio 1,60,1,"[3.6941945864843593, 51.05093359984975]",3.6941945864843593,51.05093359984975
hhld113,LUIKLAAN,19,GENT,Electricity,Malem,1946.5308333333335,Decrease,2019,Regio 1,60,1,"[3.69416386449145, 51.0509585734652]",3.69416386449145,51.0509585734652
hhld114,LUIKLAAN,20,GENT,Electricity,Malem,1946.5308333333335,Decrease,2019,Regio 1,60,1,"[3.6941343655478107, 51.05098452805058]",3.6941343655478107,51.05098452805058
hhld115,LUIKLAAN,21,GENT,Electricity,Malem,1946.5308333333335,Decrease,2019,Regio 1,60,1,"[3.6941166555842306, 51.051019938211645]",3.6941166555842306,51.051019938211645
hhld116,LUIKLAAN,22,GENT,Electricity,Malem,1946.5308333333335,Decrease,2019,Regio 1,60,1,"[3.69409894562065, 51.051055348372714]",3.69409894562065,51.051055348372714
hhld117,LUIKLAAN,23,GENT,Electricity,Malem,1946.5308333333335,Decrease,2019,Regio 1,60,1,"[3.694084674325102, 51.05109219384843]",3.694084674325102,51.05109219384843
hhld118,LUIKLAAN,24,GENT,Electricity,Malem,1946.5308333333335,Decrease,2019,Regio 1,60,1,"[3.6940719542204326, 51.05112968679783]",3.6940719542204326,51.05112968679783
hhld119,LUIKLAAN,25,GENT,Electricity,Malem,1946.5308333333335,Decrease,2019,Regio 1,60,1,"[3.6940592341157634, 51.05116717974722]",3.6940592341157634,51.05116717974722
hhld120,LUIKLAAN,26,GENT,Electricity,Malem,1946.5308333333335,Decrease,2019,Regio 1,60,1,"[3.694046217658355, 51.05120456895359]",3.694046217658355,51.05120456895359
hhld121,LUIKLAAN,27,GENT,Electricity,Malem,1946.5308333333335,Decrease,2019,Regio 1,60,1,"[3.694032776153014, 51.051241809365116]",3.694032776153014,51.051241809365116
hhld122,LUIKLAAN,28,GENT,Electricity,Malem,1946.5308333333335,Decrease,2019,Regio 1,60,1,"[3.694019334647672, 51.051279049776646]",3.694019334647672,51.051279049776646
hhld123,LUIKLAAN,29,GENT,Electricity,Malem,1946.5308333333335,Decrease,2019,Regio 1,60,1,"[3.6940058931423305, 51.051316290188176]",3.6940058931423305,51.051316290188176
hhld124,LUIKLAAN,30,GENT,Electricity,Malem,1946.5308333333335,Decrease,2019,Regio 1,60,1,"[3.693992451636989, 51.051353530599705]",3.693992451636989,51.051353530599705
hhld125,LUIKLAAN,31,GENT,Electricity,Malem,1946.5308333333335,Decrease,2019,Regio 1,60,1,"[3.693979010131647, 51.051390771011235]",3.693979010131647,51.051390771011235
hhld126,LUIKLAAN,32,GENT,Electricity,Malem,1946.5308333333335,Decrease,2019,Regio 1,60,1,"[3.693965568626306, 51.05142801142277]",3.693965568626306,51.05142801142277
hhld127,LUIKLAAN,33,GENT,Electricity,Malem,1946.5308333333335,Decrease,2019,Regio 1,60,1,"[3.6939521271209643, 51.0514652518343]",3.6939521271209643,51.0514652518343
hhld128,LUIKLAAN,34,GENT,Electricity,Malem,1946.5308333333335,Decrease,2019,Regio 1,60,1,"[3.6939386856156227, 51.05150249224583]",3.6939386856156227,51.05150249224583
hhld129,LUIKLAAN,35,GENT,Electricity,Malem,1946.5308333333335,Decrease,2019,Regio 1,60,1,"[3.693925244110281, 51.05153973265736]",3.693925244110281,51.05153973265736
hhld130,LUIKLAAN,36,GENT,Electricity,Malem,1946.5308333333335,Decrease,2019,Regio 1,60,1,"[3.6939118026049393, 51.05157697306889]",3.6939118026049393,51.05157697306889
hhld131,LUIKLAAN,37,GENT,Electricity,Malem,1946.5308333333335,Decrease,2019,Regio 1,60,1,"[3.6938983610995977, 51.05161421348042]",3.6938983610995977,51.05161421348042
hhld132,LUIKLAAN,38,GENT,Electricity,Malem,1946.5308333333335,Decrease,2019,Regio 1,60,1,"[3.6938849195942565, 51.05165145389196]",3.6938849195942565,51.05165145389196
hhld133,LUIKLAAN,39,GENT,Electricity,Malem,1946.5308333333335,Decrease,2019,Regio 1,60,1,"[3.693871478088915, 51.051688694303486]",3.693871478088915,51.051688694303486
hhld134,LUIKLAAN,40,GENT,Electricity,Malem,1946.5308333333335,Decrease,2019,Regio 1,60,1,"[3.693858036583573, 51.051725934715016]",3.693858036583573,51.051725934715016
hhld135,LUIKLAAN,41,GENT,Electricity,Malem,1946.5308333333335,Decrease,2019,Regio 1,60,1,"[3.6938445950782315, 51.051763175126545]",3.6938445950782315,51.051763175126545
hhld136,LUIKLAAN,42,GENT,Electricity,Malem,1946.5308333333335,Decrease,2019,Regio 1,60,1,"[3.693831173906072, 51.05180042276234]",3.693831173906072,51.05180042276234
hhld137,LUIKLAAN,43,GENT,Electricity,Malem,1946.5308333333335,Decrease,2019,Regio 1,60,1,"[3.6938181056720083, 51.051837795795066]",3.6938181056720083,51.051837795795066
hhld138,LUIKLAAN,44,GENT,Electricity,Malem,1946.5308333333335,Decrease,2019,Regio 1,60,1,"[3.6938050374379445, 51.0518751688278]",3.6938050374379445,51.0518751688278
hhld139,LUIKLAAN,45,GENT,Electricity,Malem,1946.5308333333335,Decrease,2019,Regio 1,60,1,"[3.6937919692038808, 51.051912541860524]",3.6937919692038808,51.051912541860524
hhld140,LUIKLAAN,46,GENT,Electricity,Malem,1946.5308333333335,Decrease,2019,Regio 1,60,1,"[3.693778900969817, 51.05194991489326]",3.693778900969817,51.05194991489326
hhld141,LUIKLAAN,47,GENT,Electricity,Malem,1946.5308333333335,Decrease,2019,Regio 1,60,1,"[3.6937658327357537, 51.05198728792598]",3.6937658327357537,51.05198728792598
hhld142,LUIKLAAN,48,GENT,Electricity,Malem,1946.5308333333335,Decrease,2019,Regio 1,60,1,"[3.69375276450169, 51.05202466095871]",3.69375276450169,51.05202466095871
hhld143,LUIKLAAN,49,GENT,Electricity,Malem,1946.5308333333335,Decrease,2019,Regio 1,60,1,"[3.693739696267626, 51.05206203399144]",3.693739696267626,51.05206203399144
hhld144,LUIKLAAN,50,GENT,Electricity,Malem,1946.5308333333335,Decrease,2019,Regio 1,60,1,"[3.6937275086769907, 51.05209970337403]",3.6937275086769907,51.05209970337403
hhld145,LUIKLAAN,51,GENT,Electricity,Malem,1946.5308333333335,Decrease,2019,Regio 1,60,1,"[3.6937152564008153, 51.05213735163142]",3.6937152564008153,51.05213735163142
hhld146,LUIKLAAN,52,GENT,Electricity,Malem,1946.5308333333335,Decrease,2019,Regio 1,60,1,"[3.6937028328375603, 51.05217494388319]",3.6937028328375603,51.05217494388319
hhld147,LUIKLAAN,53,GENT,Electricity,Malem,1946.5308333333335,Decrease,2019,Regio 1,60,1,"[3.6936904092743053, 51.05221253613496]",3.6936904092743053,51.05221253613496
hhld148,LUIKLAAN,54,GENT,Electricity,Malem,1946.5308333333335,Decrease,2019,Regio 1,60,1,"[3.6936779857110507, 51.052250128386724]",3.6936779857110507,51.052250128386724
hhld149,LUIKLAAN,55,GENT,Electricity,Malem,1946.5308333333335,Decrease,2019,Regio 1,60,1,"[3.6936655621477956, 51.05228772063849]",3.6936655621477956,51.05228772063849
hhld150,LUIKLAAN,56,GENT,Electricity,Malem,1946.5308333333335,Decrease,2019,Regio 1,60,1,"[3.6936531385845406, 51.052325312890254]",3.6936531385845406,51.052325312890254
hhld151,LUIKLAAN,57,GENT,Electricity,Malem,1946.5308333333335,Decrease,2019,Regio 1,60,1,"[3.6936407150212855, 51.052362905142026]",3.6936407150212855,51.052362905142026
hhld152,LUIKLAAN,58,GENT,Electricity,Malem,1946.5308333333335,Decrease,2019,Regio 1,60,1,"[3.693628291458031, 51.05240049739379]",3.693628291458031,51.05240049739379
hhld153,LUIKLAAN,59,GENT,Electricity,Malem,1946.5308333333335,Decrease,2019,Regio 1,60,1,"[3.693615867894776, 51.052438089645555]",3.693615867894776,51.052438089645555
hhld154,LUIKLAAN,60,GENT,Electricity,Malem,1946.5308333333335,Decrease,2019,Regio 1,60,1,"[3.693615867894776, 51.052438089645555]",3.693615867894776,51.052438089645555
hhld155,ONTMIJNERSSTRAAT,1,GENT,Electricity,Malem,3210.38,Decrease,2019,Regio 1,8,1,"[3.6957092622293244, 51.05064254524913]",3.6957092622293244,51.05064254524913
hhld156,ONTMIJNERSSTRAAT,2,GENT,Electricity,Malem,3210.38,Decrease,2019,Regio 1,8,1,"[3.695794661314837, 51.05074487071421]",3.695794661314837,51.05074487071421
hhld157,ONTMIJNERSSTRAAT,3,GENT,Electricity,Malem,3210.38,Decrease,2019,Regio 1,8,1,"[3.6958758043337836, 51.05085063582468]",3.6958758043337836,51.05085063582468
hhld158,ONTMIJNERSSTRAAT,4,GENT,Electricity,Malem,3210.38,Decrease,2019,Regio 1,8,1,"[3.695960676132059, 51.05095343973444]",3.695960676132059,51.05095343973444
hhld159,ONTMIJNERSSTRAAT,5,GENT,Electricity,Malem,3210.38,Decrease,2019,Regio 1,8,1,"[3.6960455479303347, 51.0510562436442]",3.6960455479303347,51.0510562436442
hhld160,ONTMIJNERSSTRAAT,6,GENT,Electricity,Malem,3210.38,Decrease,2019,Regio 1,8,1,"[3.6961043388810384, 51.0511608431145]",3.6961043388810384,51.0511608431145
hhld161,ONTMIJNERSSTRAAT,7,GENT,Electricity,Malem,3210.38,Decrease,2019,Regio 1,8,1,"[3.696034356320129, 51.05127430811868]",3.696034356320129,51.05127430811868
hhld162,ONTMIJNERSSTRAAT,8,GENT,Electricity,Malem,3210.38,Decrease,2019,Regio 1,8,1,"[3.696034356320129, 51.05127430811868]",3.696034356320129,51.05127430811868
hhld163,RONSELESTRAAT,1,GENT,Electricity,Malem,1418.256666666667,Decrease,2019,Regio 1,3,1,"[3.6934519585982595, 51.05331707630539]",3.6934519585982595,51.05331707630539
hhld164,RONSELESTRAAT,2,GENT,Electricity,Malem,1418.256666666667,Decrease,2019,Regio 1,3,1,"[3.693288209201893, 51.05329443796882]",3.693288209201893,51.05329443796882
hhld165,RONSELESTRAAT,3,GENT,Electricity,Malem,1418.256666666667,Decrease,2019,Regio 1,3,1,"[3.6931244598055266, 51.05327179963225]",3.6931244598055266,51.05327179963225
hhld166,WEERSTANDSPLEIN,1,GENT,Electricity,Malem,1937.3709090909092,Decrease,2019,Regio 1,22,1,"[3.693385824162281, 51.054529466172156]",3.693385824162281,51.054529466172156
hhld167,WEERSTANDSPLEIN,2,GENT,Electricity,Malem,1937.3709090909092,Decrease,2019,Regio 1,22,1,"[3.6933912863579756, 51.05463016153414]",3.6933912863579756,51.05463016153414
hhld168,WEERSTANDSPLEIN,3,GENT,Electricity,Malem,1937.3709090909092,Decrease,2019,Regio 1,22,1,"[3.6933967485536705, 51.054730856896136]",3.6933967485536705,51.054730856896136
hhld169,WEERSTANDSPLEIN,4,GENT,Electricity,Malem,1937.3709090909092,Decrease,2019,Regio 1,22,1,"[3.6934022107493654, 51.05483155225812]",3.6934022107493654,51.05483155225812
hhld170,WEERSTANDSPLEIN,5,GENT,Electricity,Malem,1937.3709090909092,Decrease,2019,Regio 1,22,1,"[3.693424717838218, 51.05492963430556]",3.693424717838218,51.05492963430556
hhld171,WEERSTANDSPLEIN,6,GENT,Electricity,Malem,1937.3709090909092,Decrease,2019,Regio 1,22,1,"[3.6934496745140946, 51.05502734078353]",3.6934496745140946,51.05502734078353
hhld172,WEERSTANDSPLEIN,7,GENT,Electricity,Malem,1937.3709090909092,Decrease,2019,Regio 1,22,1,"[3.69351346366718, 51.05499948472868]",3.69351346366718,51.05499948472868
hhld173,WEERSTANDSPLEIN,8,GENT,Electricity,Malem,1937.3709090909092,Decrease,2019,Regio 1,22,1,"[3.6935892222403615, 51.054932926257415]",3.6935892222403615,51.054932926257415
hhld174,WEERSTANDSPLEIN,9,GENT,Electricity,Malem,1937.3709090909092,Decrease,2019,Regio 1,22,1,"[3.6936649808135433, 51.05486636778615]",3.6936649808135433,51.05486636778615
hhld175,WEERSTANDSPLEIN,10,GENT,Electricity,Malem,1937.3709090909092,Decrease,2019,Regio 1,22,1,"[3.6937407393867248, 51.05479980931488]",3.6937407393867248,51.05479980931488
hhld176,WEERSTANDSPLEIN,11,GENT,Electricity,Malem,1937.3709090909092,Decrease,2019,Regio 1,22,1,"[3.693816497959906, 51.05473325084361]",3.693816497959906,51.05473325084361
hhld177,WEERSTANDSPLEIN,12,GENT,Electricity,Malem,1937.3709090909092,Decrease,2019,Regio 1,22,1,"[3.693892256533088, 51.054666692372344]",3.693892256533088,51.054666692372344
hhld178,WEERSTANDSPLEIN,13,GENT,Electricity,Malem,1937.3709090909092,Decrease,2019,Regio 1,22,1,"[3.6939680151062695, 51.05460013390107]",3.6939680151062695,51.05460013390107
hhld179,WEERSTANDSPLEIN,14,GENT,Electricity,Malem,1937.3709090909092,Decrease,2019,Regio 1,22,1,"[3.6940437736794514, 51.0545335754298]",3.6940437736794514,51.0545335754298
hhld180,WEERSTANDSPLEIN,15,GENT,Electricity,Malem,1937.3709090909092,Decrease,2019,Regio 1,22,1,"[3.693980051535057, 51.054509210326316]",3.693980051535057,51.054509210326316
hhld181,WEERSTANDSPLEIN,16,GENT,Electricity,Malem,1937.3709090909092,Decrease,2019,Regio 1,22,1,"[3.6938801032736452, 51.054495803740295]",3.6938801032736452,51.054495803740295
hhld182,WEERSTANDSPLEIN,17,GENT,Electricity,Malem,1937.3709090909092,Decrease,2019,Regio 1,22,1,"[3.693780155012233, 51.05448239715427]",3.693780155012233,51.05448239715427
hhld183,WEERSTANDSPLEIN,18,GENT,Electricity,Malem,1937.3709090909092,Decrease,2019,Regio 1,22,1,"[3.6936802067508214, 51.05446899056824]",3.6936802067508214,51.05446899056824
hhld184,WEERSTANDSPLEIN,19,GENT,Electricity,Malem,1937.3709090909092,Decrease,2019,Regio 1,22,1,"[3.6935802584894097, 51.05445558398221]",3.6935802584894097,51.05445558398221
hhld185,WEERSTANDSPLEIN,20,GENT,Electricity,Malem,1937.3709090909092,Decrease,2019,Regio 1,22,1,"[3.6934803102279976, 51.05444217739619]",3.6934803102279976,51.05444217739619
hhld186,WEERSTANDSPLEIN,21,GENT,Electricity,Malem,1937.3709090909092,Decrease,2019,Regio 1,22,1,"[3.693380361966586, 51.05442877081016]",3.693380361966586,51.05442877081016
hhld187,WEERSTANDSPLEIN,22,GENT,Electricity,Malem,1937.3709090909092,Decrease,2019,Regio 1,22,1,"[3.693380361966586, 51.05442877081016]",3.693380361966586,51.05442877081016
hhld188,DAPPERHEIDSTRAAT,1,GENT,Electricity,Malem,2621.901428571429,Decrease,2019,Regio 1,28,1,"[3.6950225158061314, 51.051219883556335]",3.6950225158061314,51.051219883556335
hhld189,DAPPERHEIDSTRAAT,2,GENT,Electricity,Malem,2621.901428571429,Decrease,2019,Regio 1,28,1,"[3.695004633306221, 51.05127181248316]",3.695004633306221,51.05127181248316
hhld190,DAPPERHEIDSTRAAT,3,GENT,Electricity,Malem,2621.901428571429,Decrease,2019,Regio 1,28,1,"[3.6949867508063114, 51.05132374140997]",3.6949867508063114,51.05132374140997
hhld191,DAPPERHEIDSTRAAT,4,GENT,Electricity,Malem,2621.901428571429,Decrease,2019,Regio 1,28,1,"[3.6949688683064013, 51.051375670336796]",3.6949688683064013,51.051375670336796
hhld192,DAPPERHEIDSTRAAT,5,GENT,Electricity,Malem,2621.901428571429,Decrease,2019,Regio 1,28,1,"[3.6949509858064915, 51.05142759926362]",3.6949509858064915,51.05142759926362
hhld193,DAPPERHEIDSTRAAT,6,GENT,Electricity,Malem,2621.901428571429,Decrease,2019,Regio 1,28,1,"[3.6949331033065813, 51.05147952819044]",3.6949331033065813,51.05147952819044
hhld194,DAPPERHEIDSTRAAT,7,GENT,Electricity,Malem,2621.901428571429,Decrease,2019,Regio 1,28,1,"[3.6949152208066716, 51.051531457117264]",3.6949152208066716,51.051531457117264
hhld195,DAPPERHEIDSTRAAT,8,GENT,Electricity,Malem,2621.901428571429,Decrease,2019,Regio 1,28,1,"[3.6948973383067614, 51.051583386044086]",3.6948973383067614,51.051583386044086
hhld196,DAPPERHEIDSTRAAT,9,GENT,Electricity,Malem,2621.901428571429,Decrease,2019,Regio 1,28,1,"[3.6948794558068516, 51.0516353149709]",3.6948794558068516,51.0516353149709
hhld197,DAPPERHEIDSTRAAT,10,GENT,Electricity,Malem,2621.901428571429,Decrease,2019,Regio 1,28,1,"[3.6948615733069414, 51.051687243897724]",3.6948615733069414,51.051687243897724
hhld198,DAPPERHEIDSTRAAT,11,GENT,Electricity,Malem,2621.901428571429,Decrease,2019,Regio 1,28,1,"[3.6948436908070317, 51.05173917282455]",3.6948436908070317,51.05173917282455
hhld199,DAPPERHEIDSTRAAT,12,GENT,Electricity,Malem,2621.901428571429,Decrease,2019,Regio 1,28,1,"[3.694825808307122, 51.05179110175137]",3.694825808307122,51.05179110175137
hhld200,DAPPERHEIDSTRAAT,13,GENT,Electricity,Malem,2621.901428571429,Decrease,2019,Regio 1,28,1,"[3.6948079258072117, 51.05184303067819]",3.6948079258072117,51.05184303067819
hhld201,DAPPERHEIDSTRAAT,14,GENT,Electricity,Malem,2621.901428571429,Decrease,2019,Regio 1,28,1,"[3.694790043307302, 51.05189495960501]",3.694790043307302,51.05189495960501
hhld202,DAPPERHEIDSTRAAT,15,GENT,Electricity,Malem,2621.901428571429,Decrease,2019,Regio 1,28,1,"[3.694772160807392, 51.05194688853183]",3.694772160807392,51.05194688853183
hhld203,DAPPERHEIDSTRAAT,16,GENT,Electricity,Malem,2621.901428571429,Decrease,2019,Regio 1,28,1,"[3.694754278307482, 51.05199881745865]",3.694754278307482,51.05199881745865
hhld204,DAPPERHEIDSTRAAT,17,GENT,Electricity,Malem,2621.901428571429,Decrease,2019,Regio 1,28,1,"[3.694736395807572, 51.052050746385476]",3.694736395807572,51.052050746385476
hhld205,DAPPERHEIDSTRAAT,18,GENT,Electricity,Malem,2621.901428571429,Decrease,2019,Regio 1,28,1,"[3.694718513307662, 51.0521026753123]",3.694718513307662,51.0521026753123
hhld206,DAPPERHEIDSTRAAT,19,GENT,Electricity,Malem,2621.901428571429,Decrease,2019,Regio 1,28,1,"[3.694700630807752, 51.05215460423912]",3.694700630807752,51.05215460423912
hhld207,DAPPERHEIDSTRAAT,20,GENT,Electricity,Malem,2621.901428571429,Decrease,2019,Regio 1,28,1,"[3.694682748307842, 51.052206533165936]",3.694682748307842,51.052206533165936
hhld208,DAPPERHEIDSTRAAT,21,GENT,Electricity,Malem,2621.901428571429,Decrease,2019,Regio 1,28,1,"[3.694664865807932, 51.05225846209276]",3.694664865807932,51.05225846209276
hhld209,DAPPERHEIDSTRAAT,22,GENT,Electricity,Malem,2621.901428571429,Decrease,2019,Regio 1,28,1,"[3.6946469954276395, 51.05231039517882]",3.6946469954276395,51.05231039517882
hhld210,DAPPERHEIDSTRAAT,23,GENT,Electricity,Malem,2621.901428571429,Decrease,2019,Regio 1,28,1,"[3.6946292228132767, 51.05236236181641]",3.6946292228132767,51.05236236181641
hhld211,DAPPERHEIDSTRAAT,24,GENT,Electricity,Malem,2621.901428571429,Decrease,2019,Regio 1,28,1,"[3.694611450198914, 51.052414328454]",3.694611450198914,51.052414328454
hhld212,DAPPERHEIDSTRAAT,25,GENT,Electricity,Malem,2621.901428571429,Decrease,2019,Regio 1,28,1,"[3.694593677584551, 51.05246629509159]",3.694593677584551,51.05246629509159
hhld213,DAPPERHEIDSTRAAT,26,GENT,Electricity,Malem,2621.901428571429,Decrease,2019,Regio 1,28,1,"[3.694575904970188, 51.05251826172918]",3.694575904970188,51.05251826172918
hhld214,DAPPERHEIDSTRAAT,27,GENT,Electricity,Malem,2621.901428571429,Decrease,2019,Regio 1,28,1,"[3.694558132355825, 51.052570228366775]",3.694558132355825,51.052570228366775
hhld215,DAPPERHEIDSTRAAT,28,GENT,Electricity,Malem,2621.901428571429,Decrease,2019,Regio 1,28,1,"[3.694558132355825, 51.052570228366775]",3.694558132355825,51.052570228366775
hhld216,HERDENKINGSLAAN,1,GENT,Electricity,"Ekkergem,Malem",2852.16,Decrease,2019,Regio 1,6,2,"[3.6960833201906076, 51.05278073651277]",3.6960833201906076,51.05278073651277
hhld217,HERDENKINGSLAAN,2,GENT,Electricity,"Ekkergem,Malem",2852.16,Decrease,2019,Regio 1,6,2,"[3.6966116155054536, 51.05291384492801]",3.6966116155054536,51.05291384492801
hhld218,HERDENKINGSLAAN,3,GENT,Electricity,"Ekkergem,Malem",2852.16,Decrease,2019,Regio 1,6,2,"[3.697097644190649, 51.053159895241265]",3.697097644190649,51.053159895241265
hhld219,HERDENKINGSLAAN,4,GENT,Electricity,"Ekkergem,Malem",2852.16,Decrease,2019,Regio 1,6,2,"[3.6975615827779458, 51.053447729129495]",3.6975615827779458,51.053447729129495
hhld220,HERDENKINGSLAAN,5,GENT,Electricity,"Ekkergem,Malem",2852.16,Decrease,2019,Regio 1,6,2,"[3.698033063809838, 51.05372269572163]",3.698033063809838,51.05372269572163
hhld221,HERDENKINGSLAAN,6,GENT,Electricity,"Ekkergem,Malem",2852.16,Decrease,2019,Regio 1,6,2,"[3.698033063809838, 51.05372269572163]",3.698033063809838,51.05372269572163
hhld222,MALEMSTRAAT,1,GENT,Electricity,Malem,2237.046923076923,Decrease,2019,Regio 1,13,1,"[3.693199217990177, 51.05578724764468]",3.693199217990177,51.05578724764468
hhld223,MALEMSTRAAT,2,GENT,Electricity,Malem,2237.046923076923,Decrease,2019,Regio 1,13,1,"[3.693222623098849, 51.0557202933436]",3.693222623098849,51.0557202933436
hhld224,MALEMSTRAAT,3,GENT,Electricity,Malem,2237.046923076923,Decrease,2019,Regio 1,13,1,"[3.693246028207521, 51.05565333904252]",3.693246028207521,51.05565333904252
hhld225,MALEMSTRAAT,4,GENT,Electricity,Malem,2237.046923076923,Decrease,2019,Regio 1,13,1,"[3.693269433316193, 51.05558638474144]",3.693269433316193,51.05558638474144
hhld226,MALEMSTRAAT,5,GENT,Electricity,Malem,2237.046923076923,Decrease,2019,Regio 1,13,1,"[3.693292838424865, 51.05551943044036]",3.693292838424865,51.05551943044036
hhld227,MALEMSTRAAT,6,GENT,Electricity,Malem,2237.046923076923,Decrease,2019,Regio 1,13,1,"[3.693316243533537, 51.05545247613928]",3.693316243533537,51.05545247613928
hhld228,MALEMSTRAAT,7,GENT,Electricity,Malem,2237.046923076923,Decrease,2019,Regio 1,13,1,"[3.693339648642209, 51.055385521838204]",3.693339648642209,51.055385521838204
hhld229,MALEMSTRAAT,8,GENT,Electricity,Malem,2237.046923076923,Decrease,2019,Regio 1,13,1,"[3.6933629734913502, 51.05531853965546]",3.6933629734913502,51.05531853965546
hhld230,MALEMSTRAAT,9,GENT,Electricity,Malem,2237.046923076923,Decrease,2019,Regio 1,13,1,"[3.693386118755804, 51.05525149508612]",3.693386118755804,51.05525149508612
hhld231,MALEMSTRAAT,10,GENT,Electricity,Malem,2237.046923076923,Decrease,2019,Regio 1,13,1,"[3.6934092640202576, 51.05518445051678]",3.6934092640202576,51.05518445051678
hhld232,MALEMSTRAAT,11,GENT,Electricity,Malem,2237.046923076923,Decrease,2019,Regio 1,13,1,"[3.6934324092847115, 51.055117405947435]",3.6934324092847115,51.055117405947435
hhld233,MALEMSTRAAT,12,GENT,Electricity,Malem,2237.046923076923,Decrease,2019,Regio 1,13,1,"[3.693455554549165, 51.05505036137809]",3.693455554549165,51.05505036137809
hhld234,MALEMSTRAAT,13,GENT,Electricity,Malem,2237.046923076923,Decrease,2019,Regio 1,13,1,"[3.693455554549165, 51.05505036137809]",3.693455554549165,51.05505036137809
hhld235,MERKEMSTRAAT,1,GENT,Electricity,Malem,2012.2533333333333,Decrease,2019,Regio 1,3,1,"[3.6930987088297136, 51.053162255788806]",3.6930987088297136,51.053162255788806
hhld236,MERKEMSTRAAT,2,GENT,Electricity,Malem,2012.2533333333333,Decrease,2019,Regio 1,3,1,"[3.693149041289406, 51.05300479784968]",3.693149041289406,51.05300479784968
hhld237,MERKEMSTRAAT,3,GENT,Electricity,Malem,2012.2533333333333,Decrease,2019,Regio 1,3,1,"[3.693149041289406, 51.05300479784968]",3.693149041289406,51.05300479784968
hhld238,RAMSKAPELLELAAN,1,GENT,Electricity,Malem,2493.285,Decrease,2019,Regio 1,48,1,"[3.694940757117937, 51.05026545227896]",3.694940757117937,51.05026545227896
hhld239,RAMSKAPELLELAAN,2,GENT,Electricity,Malem,2493.285,Decrease,2019,Regio 1,48,1,"[3.6949772160852787, 51.0503120996353]",3.6949772160852787,51.0503120996353
hhld240,RAMSKAPELLELAAN,3,GENT,Electricity,Malem,2493.285,Decrease,2019,Regio 1,48,1,"[3.6950131347072888, 51.05035916016225]",3.6950131347072888,51.05035916016225
hhld241,RAMSKAPELLELAAN,4,GENT,Electricity,Malem,2493.285,Decrease,2019,Regio 1,48,1,"[3.695048596057806, 51.05040657033809]",3.695048596057806,51.05040657033809
hhld242,RAMSKAPELLELAAN,5,GENT,Electricity,Malem,2493.285,Decrease,2019,Regio 1,48,1,"[3.6950840574083235, 51.05045398051392]",3.6950840574083235,51.05045398051392
hhld243,RAMSKAPELLELAAN,6,GENT,Electricity,Malem,2493.285,Decrease,2019,Regio 1,48,1,"[3.695119518758841, 51.05050139068976]",3.695119518758841,51.05050139068976
hhld244,RAMSKAPELLELAAN,7,GENT,Electricity,Malem,2493.285,Decrease,2019,Regio 1,48,1,"[3.695156313256159, 51.05054776151643]",3.695156313256159,51.05054776151643
hhld245,RAMSKAPELLELAAN,8,GENT,Electricity,Malem,2493.285,Decrease,2019,Regio 1,48,1,"[3.695193641265785, 51.05059371640573]",3.695193641265785,51.05059371640573
hhld246,RAMSKAPELLELAAN,9,GENT,Electricity,Malem,2493.285,Decrease,2019,Regio 1,48,1,"[3.6952309692754106, 51.05063967129503]",3.6952309692754106,51.05063967129503
hhld247,RAMSKAPELLELAAN,10,GENT,Electricity,Malem,2493.285,Decrease,2019,Regio 1,48,1,"[3.6952682972850366, 51.05068562618433]",3.6952682972850366,51.05068562618433
hhld248,RAMSKAPELLELAAN,11,GENT,Electricity,Malem,2493.285,Decrease,2019,Regio 1,48,1,"[3.6953056252946626, 51.050731581073634]",3.6953056252946626,51.050731581073634
hhld249,RAMSKAPELLELAAN,12,GENT,Electricity,Malem,2493.285,Decrease,2019,Regio 1,48,1,"[3.6953428057819413, 51.050777654352466]",3.6953428057819413,51.050777654352466
hhld250,RAMSKAPELLELAAN,13,GENT,Electricity,Malem,2493.285,Decrease,2019,Regio 1,48,1,"[3.6953795883982927, 51.0508240469304]",3.6953795883982927,51.0508240469304
hhld251,RAMSKAPELLELAAN,14,GENT,Electricity,Malem,2493.285,Decrease,2019,Regio 1,48,1,"[3.695416371014644, 51.050870439508344]",3.695416371014644,51.050870439508344
hhld252,RAMSKAPELLELAAN,15,GENT,Electricity,Malem,2493.285,Decrease,2019,Regio 1,48,1,"[3.695453153630995, 51.05091683208628]",3.695453153630995,51.05091683208628
hhld253,RAMSKAPELLELAAN,16,GENT,Electricity,Malem,2493.285,Decrease,2019,Regio 1,48,1,"[3.6954899362473466, 51.050963224664216]",3.6954899362473466,51.050963224664216
hhld254,RAMSKAPELLELAAN,17,GENT,Electricity,Malem,2493.285,Decrease,2019,Regio 1,48,1,"[3.695522748776497, 51.05101247545017]",3.695522748776497,51.05101247545017
hhld255,RAMSKAPELLELAAN,18,GENT,Electricity,Malem,2493.285,Decrease,2019,Regio 1,48,1,"[3.69555507519789, 51.05106207620251]",3.69555507519789,51.05106207620251
hhld256,RAMSKAPELLELAAN,19,GENT,Electricity,Malem,2493.285,Decrease,2019,Regio 1,48,1,"[3.6955851417712853, 51.05111295253857]",3.6955851417712853,51.05111295253857
hhld257,RAMSKAPELLELAAN,20,GENT,Electricity,Malem,2493.285,Decrease,2019,Regio 1,48,1,"[3.6956109021842423, 51.051166259510694]",3.6956109021842423,51.051166259510694
hhld258,RAMSKAPELLELAAN,21,GENT,Electricity,Malem,2493.285,Decrease,2019,Regio 1,48,1,"[3.6956374209741596, 51.05121917229926]",3.6956374209741596,51.05121917229926
hhld259,RAMSKAPELLELAAN,22,GENT,Electricity,Malem,2493.285,Decrease,2019,Regio 1,48,1,"[3.695666247275785, 51.0512708857065]",3.695666247275785,51.0512708857065
hhld260,RAMSKAPELLELAAN,23,GENT,Electricity,Malem,2493.285,Decrease,2019,Regio 1,48,1,"[3.69569507357741, 51.05132259911374]",3.69569507357741,51.05132259911374
hhld261,RAMSKAPELLELAAN,24,GENT,Electricity,Malem,2493.285,Decrease,2019,Regio 1,48,1,"[3.695709645198881, 51.05137994185486]",3.695709645198881,51.05137994185486
hhld262,RAMSKAPELLELAAN,25,GENT,Electricity,Malem,2493.285,Decrease,2019,Regio 1,48,1,"[3.695723930978135, 51.051437397478296]",3.695723930978135,51.051437397478296
hhld263,RAMSKAPELLELAAN,26,GENT,Electricity,Malem,2493.285,Decrease,2019,Regio 1,48,1,"[3.6957382167573893, 51.05149485310173]",3.6957382167573893,51.05149485310173
hhld264,RAMSKAPELLELAAN,27,GENT,Electricity,Malem,2493.285,Decrease,2019,Regio 1,48,1,"[3.695752368860263, 51.05155233218818]",3.695752368860263,51.05155233218818
hhld265,RAMSKAPELLELAAN,28,GENT,Electricity,Malem,2493.285,Decrease,2019,Regio 1,48,1,"[3.6957585035344445, 51.05161121850175]",3.6957585035344445,51.05161121850175
hhld266,RAMSKAPELLELAAN,29,GENT,Electricity,Malem,2493.285,Decrease,2019,Regio 1,48,1,"[3.695764638208626, 51.05167010481532]",3.695764638208626,51.05167010481532
hhld267,RAMSKAPELLELAAN,30,GENT,Electricity,Malem,2493.285,Decrease,2019,Regio 1,48,1,"[3.6957707728828075, 51.05172899112889]",3.6957707728828075,51.05172899112889
hhld268,RAMSKAPELLELAAN,31,GENT,Electricity,Malem,2493.285,Decrease,2019,Regio 1,48,1,"[3.695772808883235, 51.05178811300437]",3.695772808883235,51.05178811300437
hhld269,RAMSKAPELLELAAN,32,GENT,Electricity,Malem,2493.285,Decrease,2019,Regio 1,48,1,"[3.6957734610310813, 51.051847314413614]",3.6957734610310813,51.051847314413614
hhld270,RAMSKAPELLELAAN,33,GENT,Electricity,Malem,2493.285,Decrease,2019,Regio 1,48,1,"[3.6957694052624217, 51.051906347023575]",3.6957694052624217,51.051906347023575
hhld271,RAMSKAPELLELAAN,34,GENT,Electricity,Malem,2493.285,Decrease,2019,Regio 1,48,1,"[3.69576451498352, 51.05196534971272]",3.69576451498352,51.05196534971272
hhld272,RAMSKAPELLELAAN,35,GENT,Electricity,Malem,2493.285,Decrease,2019,Regio 1,48,1,"[3.695754667694982, 51.05202365169306]",3.695754667694982,51.05202365169306
hhld273,RAMSKAPELLELAAN,36,GENT,Electricity,Malem,2493.285,Decrease,2019,Regio 1,48,1,"[3.6957430122496415, 51.05208169807751]",3.6957430122496415,51.05208169807751
hhld274,RAMSKAPELLELAAN,37,GENT,Electricity,Malem,2493.285,Decrease,2019,Regio 1,48,1,"[3.6957313568043015, 51.052139744461954]",3.6957313568043015,51.052139744461954
hhld275,RAMSKAPELLELAAN,38,GENT,Electricity,Malem,2493.285,Decrease,2019,Regio 1,48,1,"[3.6957164550776045, 51.05219691666536]",3.6957164550776045,51.05219691666536
hhld276,RAMSKAPELLELAAN,39,GENT,Electricity,Malem,2493.285,Decrease,2019,Regio 1,48,1,"[3.69569738587303, 51.05225296662156]",3.69569738587303,51.05225296662156
hhld277,RAMSKAPELLELAAN,40,GENT,Electricity,Malem,2493.285,Decrease,2019,Regio 1,48,1,"[3.6956783166684555, 51.05230901657776]",3.6956783166684555,51.05230901657776
hhld278,RAMSKAPELLELAAN,41,GENT,Electricity,Malem,2493.285,Decrease,2019,Regio 1,48,1,"[3.695659247463881, 51.052365066533966]",3.695659247463881,51.052365066533966
hhld279,RAMSKAPELLELAAN,42,GENT,Electricity,Malem,2493.285,Decrease,2019,Regio 1,48,1,"[3.6956401782593065, 51.052421116490166]",3.6956401782593065,51.052421116490166
hhld280,RAMSKAPELLELAAN,43,GENT,Electricity,Malem,2493.285,Decrease,2019,Regio 1,48,1,"[3.695621109054732, 51.052477166446366]",3.695621109054732,51.052477166446366
hhld281,RAMSKAPELLELAAN,44,GENT,Electricity,Malem,2493.285,Decrease,2019,Regio 1,48,1,"[3.6956017474846696, 51.052533115640735]",3.6956017474846696,51.052533115640735
hhld282,RAMSKAPELLELAAN,45,GENT,Electricity,Malem,2493.285,Decrease,2019,Regio 1,48,1,"[3.6955822348648044, 51.05258901277679]",3.6955822348648044,51.05258901277679
hhld283,RAMSKAPELLELAAN,46,GENT,Electricity,Malem,2493.285,Decrease,2019,Regio 1,48,1,"[3.6955627222449396, 51.05264490991285]",3.6955627222449396,51.05264490991285
hhld284,RAMSKAPELLELAAN,47,GENT,Electricity,Malem,2493.285,Decrease,2019,Regio 1,48,1,"[3.695543209625075, 51.05270080704891]",3.695543209625075,51.05270080704891
hhld285,RAMSKAPELLELAAN,48,GENT,Electricity,Malem,2493.285,Decrease,2019,Regio 1,48,1,"[3.695543209625075, 51.05270080704891]",3.695543209625075,51.05270080704891
hhld286,TERVATESTRAAT,1,GENT,Electricity,Malem,1815.34,Decrease,2019,Regio 1,4,1,"[3.6934880187399575, 51.05202712162208]",3.6934880187399575,51.05202712162208
hhld287,TERVATESTRAAT,2,GENT,Electricity,Malem,1815.34,Decrease,2019,Regio 1,4,1,"[3.693269238649669, 51.05197155545791]",3.693269238649669,51.05197155545791
hhld288,TERVATESTRAAT,3,GENT,Electricity,Malem,1815.34,Decrease,2019,Regio 1,4,1,"[3.693347958836017, 51.05172999421015]",3.693347958836017,51.05172999421015
hhld289,TERVATESTRAAT,4,GENT,Electricity,Malem,1815.34,Decrease,2019,Regio 1,4,1,"[3.693347958836017, 51.05172999421015]",3.693347958836017,51.05172999421015
hhld290,HOUTEMLAAN,1,GENT,Electricity,Malem,2324.2197435897438,Decrease,2019,Regio 1,39,1,"[3.695523301472661, 51.05276057897973]",3.695523301472661,51.05276057897973
hhld291,HOUTEMLAAN,2,GENT,Electricity,Malem,2324.2197435897438,Decrease,2019,Regio 1,39,1,"[3.6955033933202475, 51.052820350910544]",3.6955033933202475,51.052820350910544
hhld292,HOUTEMLAAN,3,GENT,Electricity,Malem,2324.2197435897438,Decrease,2019,Regio 1,39,1,"[3.6954834851678338, 51.052880122841366]",3.6954834851678338,51.052880122841366
hhld293,HOUTEMLAAN,4,GENT,Electricity,Malem,2324.2197435897438,Decrease,2019,Regio 1,39,1,"[3.69546357701542, 51.05293989477219]",3.69546357701542,51.05293989477219
hhld294,HOUTEMLAAN,5,GENT,Electricity,Malem,2324.2197435897438,Decrease,2019,Regio 1,39,1,"[3.6954436688630063, 51.052999666703]",3.6954436688630063,51.052999666703
hhld295,HOUTEMLAAN,6,GENT,Electricity,Malem,2324.2197435897438,Decrease,2019,Regio 1,39,1,"[3.6954237607105926, 51.053059438633824]",3.6954237607105926,51.053059438633824
hhld296,HOUTEMLAAN,7,GENT,Electricity,Malem,2324.2197435897438,Decrease,2019,Regio 1,39,1,"[3.6953962899995316, 51.05311603793423]",3.6953962899995316,51.05311603793423
hhld297,HOUTEMLAAN,8,GENT,Electricity,Malem,2324.2197435897438,Decrease,2019,Regio 1,39,1,"[3.695367593963158, 51.05317212318847]",3.695367593963158,51.05317212318847
hhld298,HOUTEMLAAN,9,GENT,Electricity,Malem,2324.2197435897438,Decrease,2019,Regio 1,39,1,"[3.6953388979267836, 51.053228208442704]",3.6953388979267836,51.053228208442704
hhld299,HOUTEMLAAN,10,GENT,Electricity,Malem,2324.2197435897438,Decrease,2019,Regio 1,39,1,"[3.695310202451292, 51.05328429398391]",3.695310202451292,51.05328429398391
hhld300,HOUTEMLAAN,11,GENT,Electricity,Malem,2324.2197435897438,Decrease,2019,Regio 1,39,1,"[3.695275463644324, 51.05333670809088]",3.695275463644324,51.05333670809088
hhld301,HOUTEMLAAN,12,GENT,Electricity,Malem,2324.2197435897438,Decrease,2019,Regio 1,39,1,"[3.6952389128917456, 51.05338802144911]",3.6952389128917456,51.05338802144911
hhld302,HOUTEMLAAN,13,GENT,Electricity,Malem,2324.2197435897438,Decrease,2019,Regio 1,39,1,"[3.695202362139167, 51.05343933480734]",3.695202362139167,51.05343933480734
hhld303,HOUTEMLAAN,14,GENT,Electricity,Malem,2324.2197435897438,Decrease,2019,Regio 1,39,1,"[3.695165358980553, 51.05349029550426]",3.695165358980553,51.05349029550426
hhld304,HOUTEMLAAN,15,GENT,Electricity,Malem,2324.2197435897438,Decrease,2019,Regio 1,39,1,"[3.6951245172216955, 51.05353826392074]",3.6951245172216955,51.05353826392074
hhld305,HOUTEMLAAN,16,GENT,Electricity,Malem,2324.2197435897438,Decrease,2019,Regio 1,39,1,"[3.6950836754628376, 51.05358623233723]",3.6950836754628376,51.05358623233723
hhld306,HOUTEMLAAN,17,GENT,Electricity,Malem,2324.2197435897438,Decrease,2019,Regio 1,39,1,"[3.6950375905653017, 51.05362909278927]",3.6950375905653017,51.05362909278927
hhld307,HOUTEMLAAN,18,GENT,Electricity,Malem,2324.2197435897438,Decrease,2019,Regio 1,39,1,"[3.6949908753698533, 51.053671362193526]",3.6949908753698533,51.053671362193526
hhld308,HOUTEMLAAN,19,GENT,Electricity,Malem,2324.2197435897438,Decrease,2019,Regio 1,39,1,"[3.6949441765582858, 51.053713649771424]",3.6949441765582858,51.053713649771424
hhld309,HOUTEMLAAN,20,GENT,Electricity,Malem,2324.2197435897438,Decrease,2019,Regio 1,39,1,"[3.694897477746718, 51.05375593734932]",3.694897477746718,51.05375593734932
hhld310,HOUTEMLAAN,21,GENT,Electricity,Malem,2324.2197435897438,Decrease,2019,Regio 1,39,1,"[3.6948507789351503, 51.05379822492722]",3.6948507789351503,51.05379822492722
hhld311,HOUTEMLAAN,22,GENT,Electricity,Malem,2324.2197435897438,Decrease,2019,Regio 1,39,1,"[3.6948040801235824, 51.05384051250512]",3.6948040801235824,51.05384051250512
hhld312,HOUTEMLAAN,23,GENT,Electricity,Malem,2324.2197435897438,Decrease,2019,Regio 1,39,1,"[3.694757381312015, 51.05388280008302]",3.694757381312015,51.05388280008302
hhld313,HOUTEMLAAN,24,GENT,Electricity,Malem,2324.2197435897438,Decrease,2019,Regio 1,39,1,"[3.694710682500447, 51.053925087660915]",3.694710682500447,51.053925087660915
hhld314,HOUTEMLAAN,25,GENT,Electricity,Malem,2324.2197435897438,Decrease,2019,Regio 1,39,1,"[3.694664085663658, 51.05396748753356]",3.694664085663658,51.05396748753356
hhld315,HOUTEMLAAN,26,GENT,Electricity,Malem,2324.2197435897438,Decrease,2019,Regio 1,39,1,"[3.6946175058777797, 51.05400990618269]",3.6946175058777797,51.05400990618269
hhld316,HOUTEMLAAN,27,GENT,Electricity,Malem,2324.2197435897438,Decrease,2019,Regio 1,39,1,"[3.694570926091902, 51.05405232483182]",3.694570926091902,51.05405232483182
hhld317,HOUTEMLAAN,28,GENT,Electricity,Malem,2324.2197435897438,Decrease,2019,Regio 1,39,1,"[3.694524346306024, 51.05409474348095]",3.694524346306024,51.05409474348095
hhld318,HOUTEMLAAN,29,GENT,Electricity,Malem,2324.2197435897438,Decrease,2019,Regio 1,39,1,"[3.694477707675211, 51.05413709739878]",3.694477707675211,51.05413709739878
hhld319,HOUTEMLAAN,30,GENT,Electricity,Malem,2324.2197435897438,Decrease,2019,Regio 1,39,1,"[3.694431053613239, 51.05417943434184]",3.694431053613239,51.05417943434184
hhld320,HOUTEMLAAN,31,GENT,Electricity,Malem,2324.2197435897438,Decrease,2019,Regio 1,39,1,"[3.6943843995512675, 51.0542217712849]",3.6943843995512675,51.0542217712849
hhld321,HOUTEMLAAN,32,GENT,Electricity,Malem,2324.2197435897438,Decrease,2019,Regio 1,39,1,"[3.694337946931953, 51.054264329013684]",3.694337946931953,51.054264329013684
hhld322,HOUTEMLAAN,33,GENT,Electricity,Malem,2324.2197435897438,Decrease,2019,Regio 1,39,1,"[3.6942915215530694, 51.054306916599224]",3.6942915215530694,51.054306916599224
hhld323,HOUTEMLAAN,34,GENT,Electricity,Malem,2324.2197435897438,Decrease,2019,Regio 1,39,1,"[3.694245095862449, 51.05434950384493]",3.694245095862449,51.05434950384493
hhld324,HOUTEMLAAN,35,GENT,Electricity,Malem,2324.2197435897438,Decrease,2019,Regio 1,39,1,"[3.694198670171829, 51.054392091090634]",3.694198670171829,51.054392091090634
hhld325,HOUTEMLAAN,36,GENT,Electricity,Malem,2324.2197435897438,Decrease,2019,Regio 1,39,1,"[3.6941522444812085, 51.05443467833634]",3.6941522444812085,51.05443467833634
hhld326,HOUTEMLAAN,37,GENT,Electricity,Malem,2324.2197435897438,Decrease,2019,Regio 1,39,1,"[3.694105818790588, 51.054477265582044]",3.694105818790588,51.054477265582044
hhld327,HOUTEMLAAN,38,GENT,Electricity,Malem,2324.2197435897438,Decrease,2019,Regio 1,39,1,"[3.694059393099968, 51.05451985282775]",3.694059393099968,51.05451985282775
hhld328,HOUTEMLAAN,39,GENT,Electricity,Malem,2324.2197435897438,Decrease,2019,Regio 1,39,1,"[3.694059393099968, 51.05451985282775]",3.694059393099968,51.05451985282775
hhld329,OUD-STRIJDERSLAAN,1,GENT,Electricity,Malem,4227.811428571428,Decrease,2019,Regio 1,7,1,"[3.6927236686266722, 51.05231618771002]",3.6927236686266722,51.05231618771002
hhld330,OUD-STRIJDERSLAAN,2,GENT,Electricity,Malem,4227.811428571428,Decrease,2019,Regio 1,7,1,"[3.693090656032437, 51.05236632950758]",3.693090656032437,51.05236632950758
hhld331,OUD-STRIJDERSLAAN,3,GENT,Electricity,Malem,4227.811428571428,Decrease,2019,Regio 1,7,1,"[3.6934576434382014, 51.05241647130513]",3.6934576434382014,51.05241647130513
hhld332,OUD-STRIJDERSLAAN,4,GENT,Electricity,Malem,4227.811428571428,Decrease,2019,Regio 1,7,1,"[3.693824318546464, 51.05246881231425]",3.693824318546464,51.05246881231425
hhld333,OUD-STRIJDERSLAAN,5,GENT,Electricity,Malem,4227.811428571428,Decrease,2019,Regio 1,7,1,"[3.6941911900236093, 51.05251976212709]",3.6941911900236093,51.05251976212709
hhld334,OUD-STRIJDERSLAAN,6,GENT,Electricity,Malem,4227.811428571428,Decrease,2019,Regio 1,7,1,"[3.694558132355825, 51.052570228366775]",3.694558132355825,51.052570228366775
hhld335,OUD-STRIJDERSLAAN,7,GENT,Electricity,Malem,4227.811428571428,Decrease,2019,Regio 1,7,1,"[3.694558132355825, 51.052570228366775]",3.694558132355825,51.052570228366775
hhld336,ZESSEPTEMBERLAAN,1,GENT,Electricity,Malem,2577.95,Decrease,2019,Regio 1,52,1,"[3.6936590305921855, 51.053162475044644]",3.6936590305921855,51.053162475044644
hhld337,ZESSEPTEMBERLAAN,2,GENT,Electricity,Malem,2577.95,Decrease,2019,Regio 1,52,1,"[3.6936514932732774, 51.05314944804249]",3.6936514932732774,51.05314944804249
hhld338,ZESSEPTEMBERLAAN,3,GENT,Electricity,Malem,2577.95,Decrease,2019,Regio 1,52,1,"[3.6936439559543697, 51.053136421040335]",3.6936439559543697,51.053136421040335
hhld339,ZESSEPTEMBERLAAN,4,GENT,Electricity,Malem,2577.95,Decrease,2019,Regio 1,52,1,"[3.693636418635462, 51.05312339403818]",3.693636418635462,51.05312339403818
hhld340,ZESSEPTEMBERLAAN,5,GENT,Electricity,Malem,2577.95,Decrease,2019,Regio 1,52,1,"[3.6936288813165543, 51.053110367036034]",3.6936288813165543,51.053110367036034
hhld341,ZESSEPTEMBERLAAN,6,GENT,Electricity,Malem,2577.95,Decrease,2019,Regio 1,52,1,"[3.693621343997646, 51.05309734003388]",3.693621343997646,51.05309734003388
hhld342,ZESSEPTEMBERLAAN,7,GENT,Electricity,Malem,2577.95,Decrease,2019,Regio 1,52,1,"[3.6936138066787385, 51.053084313031725]",3.6936138066787385,51.053084313031725
hhld343,ZESSEPTEMBERLAAN,8,GENT,Electricity,Malem,2577.95,Decrease,2019,Regio 1,52,1,"[3.693606269359831, 51.05307128602957]",3.693606269359831,51.05307128602957
hhld344,ZESSEPTEMBERLAAN,9,GENT,Electricity,Malem,2577.95,Decrease,2019,Regio 1,52,1,"[3.6935987320409227, 51.05305825902742]",3.6935987320409227,51.05305825902742
hhld345,ZESSEPTEMBERLAAN,10,GENT,Electricity,Malem,2577.95,Decrease,2019,Regio 1,52,1,"[3.6935913406800385, 51.05304517835327]",3.6935913406800385,51.05304517835327
hhld346,ZESSEPTEMBERLAAN,11,GENT,Electricity,Malem,2577.95,Decrease,2019,Regio 1,52,1,"[3.693588642958444, 51.05303037172437]",3.693588642958444,51.05303037172437
hhld347,ZESSEPTEMBERLAAN,12,GENT,Electricity,Malem,2577.95,Decrease,2019,Regio 1,52,1,"[3.6935859452368494, 51.05301556509546]",3.6935859452368494,51.05301556509546
hhld348,ZESSEPTEMBERLAAN,13,GENT,Electricity,Malem,2577.95,Decrease,2019,Regio 1,52,1,"[3.6935832475152544, 51.05300075846655]",3.6935832475152544,51.05300075846655
hhld349,ZESSEPTEMBERLAAN,14,GENT,Electricity,Malem,2577.95,Decrease,2019,Regio 1,52,1,"[3.69358054979366, 51.05298595183764]",3.69358054979366,51.05298595183764
hhld350,ZESSEPTEMBERLAAN,15,GENT,Electricity,Malem,2577.95,Decrease,2019,Regio 1,52,1,"[3.693577852072065, 51.05297114520874]",3.693577852072065,51.05297114520874
hhld351,ZESSEPTEMBERLAAN,16,GENT,Electricity,Malem,2577.95,Decrease,2019,Regio 1,52,1,"[3.6935751543504702, 51.052956338579826]",3.6935751543504702,51.052956338579826
hhld352,ZESSEPTEMBERLAAN,17,GENT,Electricity,Malem,2577.95,Decrease,2019,Regio 1,52,1,"[3.6935724566288757, 51.05294153195092]",3.6935724566288757,51.05294153195092
hhld353,ZESSEPTEMBERLAAN,18,GENT,Electricity,Malem,2577.95,Decrease,2019,Regio 1,52,1,"[3.6935697496766267, 51.05292672701944]",3.6935697496766267,51.05292672701944
hhld354,ZESSEPTEMBERLAAN,19,GENT,Electricity,Malem,2577.95,Decrease,2019,Regio 1,52,1,"[3.693567003432425, 51.052911929313396]",3.693567003432425,51.052911929313396
hhld355,ZESSEPTEMBERLAAN,20,GENT,Electricity,Malem,2577.95,Decrease,2019,Regio 1,52,1,"[3.693564257188223, 51.05289713160735]",3.693564257188223,51.05289713160735
hhld356,ZESSEPTEMBERLAAN,21,GENT,Electricity,Malem,2577.95,Decrease,2019,Regio 1,52,1,"[3.693561510944021, 51.05288233390131]",3.693561510944021,51.05288233390131
hhld357,ZESSEPTEMBERLAAN,22,GENT,Electricity,Malem,2577.95,Decrease,2019,Regio 1,52,1,"[3.6935587646998194, 51.05286753619526]",3.6935587646998194,51.05286753619526
hhld358,ZESSEPTEMBERLAAN,23,GENT,Electricity,Malem,2577.95,Decrease,2019,Regio 1,52,1,"[3.6935560184556175, 51.052852738489214]",3.6935560184556175,51.052852738489214
hhld359,ZESSEPTEMBERLAAN,24,GENT,Electricity,Malem,2577.95,Decrease,2019,Regio 1,52,1,"[3.6935532722114157, 51.05283794078317]",3.6935532722114157,51.05283794078317
hhld360,ZESSEPTEMBERLAAN,25,GENT,Electricity,Malem,2577.95,Decrease,2019,Regio 1,52,1,"[3.6935543757663467, 51.05282297023225]",3.6935543757663467,51.05282297023225
hhld361,ZESSEPTEMBERLAAN,26,GENT,Electricity,Malem,2577.95,Decrease,2019,Regio 1,52,1,"[3.693555784885737, 51.05280798596236]",3.693555784885737,51.05280798596236
hhld362,ZESSEPTEMBERLAAN,27,GENT,Electricity,Malem,2577.95,Decrease,2019,Regio 1,52,1,"[3.6935571940051273, 51.05279300169248]",3.6935571940051273,51.05279300169248
hhld363,ZESSEPTEMBERLAAN,28,GENT,Electricity,Malem,2577.95,Decrease,2019,Regio 1,52,1,"[3.693558603124518, 51.0527780174226]",3.693558603124518,51.0527780174226
hhld364,ZESSEPTEMBERLAAN,29,GENT,Electricity,Malem,2577.95,Decrease,2019,Regio 1,52,1,"[3.693560012243908, 51.05276303315271]",3.693560012243908,51.05276303315271
hhld365,ZESSEPTEMBERLAAN,30,GENT,Electricity,Malem,2577.95,Decrease,2019,Regio 1,52,1,"[3.6935614213632983, 51.052748048882826]",3.6935614213632983,51.052748048882826
hhld366,ZESSEPTEMBERLAAN,31,GENT,Electricity,Malem,2577.95,Decrease,2019,Regio 1,52,1,"[3.6935628304826884, 51.052733064612944]",3.6935628304826884,51.052733064612944
hhld367,ZESSEPTEMBERLAAN,32,GENT,Electricity,Malem,2577.95,Decrease,2019,Regio 1,52,1,"[3.693564239602079, 51.052718080343055]",3.693564239602079,51.052718080343055
hhld368,ZESSEPTEMBERLAAN,33,GENT,Electricity,Malem,2577.95,Decrease,2019,Regio 1,52,1,"[3.693565648721469, 51.052703096073174]",3.693565648721469,51.052703096073174
hhld369,ZESSEPTEMBERLAAN,34,GENT,Electricity,Malem,2577.95,Decrease,2019,Regio 1,52,1,"[3.6935670578408595, 51.052688111803285]",3.6935670578408595,51.052688111803285
hhld370,ZESSEPTEMBERLAAN,35,GENT,Electricity,Malem,2577.95,Decrease,2019,Regio 1,52,1,"[3.6935684669602495, 51.0526731275334]",3.6935684669602495,51.0526731275334
hhld371,ZESSEPTEMBERLAAN,36,GENT,Electricity,Malem,2577.95,Decrease,2019,Regio 1,52,1,"[3.69356987607964, 51.05265814326352]",3.69356987607964,51.05265814326352
hhld372,ZESSEPTEMBERLAAN,37,GENT,Electricity,Malem,2577.95,Decrease,2019,Regio 1,52,1,"[3.6935712851990306, 51.05264315899363]",3.6935712851990306,51.05264315899363
hhld373,ZESSEPTEMBERLAAN,38,GENT,Electricity,Malem,2577.95,Decrease,2019,Regio 1,52,1,"[3.6935726943184206, 51.05262817472375]",3.6935726943184206,51.05262817472375
hhld374,ZESSEPTEMBERLAAN,39,GENT,Electricity,Malem,2577.95,Decrease,2019,Regio 1,52,1,"[3.693574103437811, 51.05261319045387]",3.693574103437811,51.05261319045387
hhld375,ZESSEPTEMBERLAAN,40,GENT,Electricity,Malem,2577.95,Decrease,2019,Regio 1,52,1,"[3.693575512557201, 51.05259820618398]",3.693575512557201,51.05259820618398
hhld376,ZESSEPTEMBERLAAN,41,GENT,Electricity,Malem,2577.95,Decrease,2019,Regio 1,52,1,"[3.6935769216765917, 51.0525832219141]",3.6935769216765917,51.0525832219141
hhld377,ZESSEPTEMBERLAAN,42,GENT,Electricity,Malem,2577.95,Decrease,2019,Regio 1,52,1,"[3.6935783307959817, 51.05256823764421]",3.6935783307959817,51.05256823764421
hhld378,ZESSEPTEMBERLAAN,43,GENT,Electricity,Malem,2577.95,Decrease,2019,Regio 1,52,1,"[3.693582498286566, 51.05255377613042]",3.693582498286566,51.05255377613042
hhld379,ZESSEPTEMBERLAAN,44,GENT,Electricity,Malem,2577.95,Decrease,2019,Regio 1,52,1,"[3.6935866694875923, 51.052539315319805]",3.6935866694875923,51.052539315319805
hhld380,ZESSEPTEMBERLAAN,45,GENT,Electricity,Malem,2577.95,Decrease,2019,Regio 1,52,1,"[3.6935908406886186, 51.0525248545092]",3.6935908406886186,51.0525248545092
hhld381,ZESSEPTEMBERLAAN,46,GENT,Electricity,Malem,2577.95,Decrease,2019,Regio 1,52,1,"[3.6935950118896446, 51.05251039369859]",3.6935950118896446,51.05251039369859
hhld382,ZESSEPTEMBERLAAN,47,GENT,Electricity,Malem,2577.95,Decrease,2019,Regio 1,52,1,"[3.693599183090671, 51.052495932887986]",3.693599183090671,51.052495932887986
hhld383,ZESSEPTEMBERLAAN,48,GENT,Electricity,Malem,2577.95,Decrease,2019,Regio 1,52,1,"[3.6936033542916973, 51.052481472077375]",3.6936033542916973,51.052481472077375
hhld384,ZESSEPTEMBERLAAN,49,GENT,Electricity,Malem,2577.95,Decrease,2019,Regio 1,52,1,"[3.6936075254927236, 51.05246701126677]",3.6936075254927236,51.05246701126677
hhld385,ZESSEPTEMBERLAAN,50,GENT,Electricity,Malem,2577.95,Decrease,2019,Regio 1,52,1,"[3.6936116966937496, 51.05245255045616]",3.6936116966937496,51.05245255045616
hhld386,ZESSEPTEMBERLAAN,51,GENT,Electricity,Malem,2577.95,Decrease,2019,Regio 1,52,1,"[3.693615867894776, 51.052438089645555]",3.693615867894776,51.052438089645555
hhld387,ZESSEPTEMBERLAAN,52,GENT,Electricity,Malem,2577.95,Decrease,2019,Regio 1,52,1,"[3.693615867894776, 51.052438089645555]",3.693615867894776,51.052438089645555
